-- ============================================
-- 1. INSERT CLIENTI (nessuna dipendenza)
-- ============================================

INSERT INTO Cliente (CF, nome, cognome, Cap, comune, civico, provincia, via, Email, Sesso, telefono, MetodoDiPagamento, Cittadinanza, DataDiNascita, IsBackListed)
VALUES ('RSSMRA85C15F839K', 'Mario', 'Rossi', '80100', 'Napoli', 12, 'NA', 'Via Roma', 'mario.rossi@email.com', 'M', '3331234567', 'Carta di Credito', 'Italiana', '1985-03-15', FALSE);

INSERT INTO Cliente (CF, nome, cognome, Cap, comune, civico, provincia, via, Email, Sesso, telefono, MetodoDiPagamento, Cittadinanza, DataDiNascita, IsBackListed)
VALUES ('BNCLRA90L60H501Z', 'Laura', 'Bianchi', '00185', 'Roma', 45, 'RM', 'Via Nazionale', 'laura.bianchi@email.com', 'F', '3339876543', 'PayPal', 'Italiana', '1990-07-20', FALSE);

INSERT INTO Cliente (CF, nome, cognome, Cap, comune, civico, provincia, via, Email, Sesso, telefono, MetodoDiPagamento, Cittadinanza, DataDiNascita, IsBackListed)
VALUES ('BNCGPP88S05H501W', 'Giuseppe', 'Bianchi', '00185', 'Roma', 45, 'RM', 'Via Nazionale', 'giuseppe.bianchi@email.com', 'M', '3339876544', 'Contanti', 'Italiana', '1988-11-05', FALSE);

INSERT INTO Cliente (CF, nome, cognome, Cap, comune, civico, provincia, via, Email, Sesso, telefono, MetodoDiPagamento, Cittadinanza, DataDiNascita, IsBackListed)
VALUES ('VRDNNA92D52F205X', 'Anna', 'Verdi', '20124', 'Milano', 78, 'MI', 'Corso Buenos Aires', 'anna.verdi@email.com', 'F', '3347891234', 'Bonifico', 'Italiana', '1992-04-12', FALSE);

INSERT INTO Cliente (CF, nome, cognome, Cap, comune, civico, provincia, via, Email, Sesso, telefono, MetodoDiPagamento, Cittadinanza, DataDiNascita, IsBackListed)
VALUES ('NREFNC78P08L219Y', 'Francesco', 'Neri', '10123', 'Torino', 23, 'TO', 'Via Po', 'francesco.neri@email.com', 'M', '3356781234', 'Carta di Credito', 'Italiana', '1978-09-08', FALSE);

INSERT INTO Cliente (CF, nome, cognome, Cap, comune, civico, provincia, via, Email, Sesso, telefono, MetodoDiPagamento, Cittadinanza, DataDiNascita, IsBackListed)
VALUES ('NREGLI80T43L219K', 'Giulia', 'Neri', '10123', 'Torino', 23, 'TO', 'Via Po', 'giulia.neri@email.com', 'F', '3356781235', 'Carta di Credito', 'Italiana', '1980-12-03', FALSE);

INSERT INTO Cliente (CF, nome, cognome, Cap, comune, civico, provincia, via, Email, Sesso, telefono, MetodoDiPagamento, Cittadinanza, DataDiNascita, IsBackListed)
VALUES ('NRELCU10E15L219M', 'Luca', 'Neri', '10123', 'Torino', 23, 'TO', 'Via Po', 'luca.neri@email.com', 'M', '3356781236', 'Carta di Credito', 'Italiana', '2010-05-15', FALSE);

INSERT INTO Cliente (CF, nome, cognome, Cap, comune, civico, provincia, via, Email, Sesso, telefono, MetodoDiPagamento, Cittadinanza, DataDiNascita, IsBackListed)
VALUES ('GLLRRT75A25D612P', 'Roberto', 'Gialli', '50122', 'Firenze', 15, 'FI', 'Via dei Calzaiuoli', 'roberto.gialli@email.com', 'M', '3312345678', 'American Express', 'Italiana', '1975-01-25', FALSE);

INSERT INTO Cliente (CF, nome, cognome, Cap, comune, civico, provincia, via, Email, Sesso, telefono, MetodoDiPagamento, Cittadinanza, DataDiNascita, IsBackListed)
VALUES ('BLUVNT95H70A944L', 'Valentina', 'Blu', '40121', 'Bologna', 88, 'BO', 'Via Indipendenza', 'valentina.blu@email.com', 'F', '3398765432', 'Bancomat', 'Italiana', '1995-06-30', FALSE);

INSERT INTO Cliente (CF, nome, cognome, Cap, comune, civico, provincia, via, Email, Sesso, telefono, MetodoDiPagamento, Cittadinanza, DataDiNascita, IsBackListed)
VALUES ('VLAMRC87M18L736N', 'Marco', 'Viola', '30100', 'Venezia', 33, 'VE', 'Calle Lunga', 'marco.viola@email.com', 'M', '3345678901', 'Carta di Credito', 'Italiana', '1987-08-18', FALSE);

INSERT INTO Cliente (CF, nome, cognome, Cap, comune, civico, provincia, via, Email, Sesso, telefono, MetodoDiPagamento, Cittadinanza, DataDiNascita, IsBackListed)
VALUES ('RSOSFN89B54L736R', 'Stefania', 'Rosa', '30100', 'Venezia', 12, 'VE', 'Calle Corta', 'stefania.rosa@email.com', 'F', '3345678902', 'Carta di Credito', 'Italiana', '1989-02-14', FALSE);

INSERT INTO Cliente (CF, nome, cognome, Cap, comune, civico, provincia, via, Email, Sesso, telefono, MetodoDiPagamento, Cittadinanza, DataDiNascita, IsBackListed)
VALUES ('RNCLS93R05D969Q', 'Alessio', 'Arancio', '16121', 'Genova', 67, 'GE', 'Via XX Settembre', 'alessio.arancio@email.com', 'M', '3387654321', 'Contanti', 'Italiana', '1993-10-05', FALSE);

INSERT INTO Cliente (CF, nome, cognome, Cap, comune, civico, provincia, via, Email, Sesso, telefono, MetodoDiPagamento, Cittadinanza, DataDiNascita, IsBackListed)
VALUES ('MRRDVD82C28G273S', 'Davide', 'Marrone', '90133', 'Palermo', 150, 'PA', 'Via Maqueda', 'davide.marrone@email.com', 'M', '3321234567', 'Carta di Credito', 'Italiana', '1982-03-28', FALSE);

INSERT INTO Cliente (CF, nome, cognome, Cap, comune, civico, provincia, via, Email, Sesso, telefono, MetodoDiPagamento, Cittadinanza, DataDiNascita, IsBackListed)
VALUES ('MRRLS84L51G273V', 'Elisa', 'Marrone', '90133', 'Palermo', 150, 'PA', 'Via Maqueda', 'elisa.marrone@email.com', 'F', '3321234568', 'Carta di Credito', 'Italiana', '1984-07-11', FALSE);

INSERT INTO Cliente (CF, nome, cognome, Cap, comune, civico, provincia, via, Email, Sesso, telefono, MetodoDiPagamento, Cittadinanza, DataDiNascita, IsBackListed)
VALUES ('GRGCHR91S62H703B', 'Chiara', 'Grigio', '84100', 'Salerno', 200, 'SA', 'Corso Vittorio Emanuele', 'chiara.grigio@email.com', 'F', '3369871234', 'PayPal', 'Italiana', '1991-11-22', FALSE);

-- ============================================
-- 2. INSERT CAMERE (nessuna dipendenza)
-- ============================================

INSERT INTO Camera (NumeroCamera, NumeroMaxOcc, NoteCamera, Stato, Prezzo)
VALUES (101, 2, 'Vista mare', 'Prenotata', 150.0);

INSERT INTO Camera (NumeroCamera, NumeroMaxOcc, NoteCamera, Stato, Prezzo)
VALUES (205, 4, 'Suite familiare', 'Prenotata', 220.0);

INSERT INTO Camera (NumeroCamera, NumeroMaxOcc, NoteCamera, Stato, Prezzo)
VALUES (310, 2, 'Vista panoramica', 'Prenotata', 180.0);

INSERT INTO Camera (NumeroCamera, NumeroMaxOcc, NoteCamera, Stato, Prezzo)
VALUES (102, 3, 'Camera tripla standard', 'Prenotata', 190.0);

INSERT INTO Camera (NumeroCamera, NumeroMaxOcc, NoteCamera, Stato, Prezzo)
VALUES (401, 2, 'Suite deluxe', 'Prenotata', 250.0);

INSERT INTO Camera (NumeroCamera, NumeroMaxOcc, NoteCamera, Stato, Prezzo)
VALUES (150, 2, 'Camera matrimoniale', 'Prenotata', 165.0);

INSERT INTO Camera (NumeroCamera, NumeroMaxOcc, NoteCamera, Stato, Prezzo)
VALUES (201, 2, 'Vista città', 'Prenotata', 200.0);

INSERT INTO Camera (NumeroCamera, NumeroMaxOcc, NoteCamera, Stato, Prezzo)
VALUES (202, 2, 'Vista città', 'Prenotata', 200.0);

INSERT INTO Camera (NumeroCamera, NumeroMaxOcc, NoteCamera, Stato, Prezzo)
VALUES (305, 1, 'Camera singola economica', 'Prenotata', 120.0);

INSERT INTO Camera (NumeroCamera, NumeroMaxOcc, NoteCamera, Stato, Prezzo)
VALUES (450, 4, 'Suite presidenziale', 'Prenotata', 280.0);

INSERT INTO Camera (NumeroCamera, NumeroMaxOcc, NoteCamera, Stato, Prezzo)
VALUES (120, 2, 'Camera comfort', 'Prenotata', 175.0);

-- ============================================
-- 3. INSERT TRATTAMENTI (SENZA IDPrenotazione - lo aggiungeremo dopo)
-- ============================================

INSERT INTO Trattamento (Nome, Prezzo, IDPrenotazione)
VALUES ('Bed & Breakfast', 25.0, NULL);

INSERT INTO Trattamento (Nome, Prezzo, IDPrenotazione)
VALUES ('Mezza Pensione', 45.0, NULL);

INSERT INTO Trattamento (Nome, Prezzo, IDPrenotazione)
VALUES ('Pensione Completa', 65.0, NULL);

INSERT INTO Trattamento (Nome, Prezzo, IDPrenotazione)
VALUES ('All Inclusive', 95.0, NULL);

INSERT INTO Trattamento (Nome, Prezzo, IDPrenotazione)
VALUES ('Solo Pernottamento', 0.0, NULL);

-- ============================================
-- 4. INSERT PRENOTAZIONI (referenzia Trattamento per nome)
-- ============================================

INSERT INTO Prenotazione (IDPrenotazione, DataPrenotazione, DataArrivoCliente, DataPartenzaCliente, NomeTrattamento, NoteAggiuntive, Intestatario, dataScadenza, numeroDocumento, DataRilascio, TipoDocumento, Stato, ChekIn)
VALUES (1, '2026-01-15', '2026-02-10', '2026-02-15', 'Bed & Breakfast', 'Cliente VIP', 'Mario Rossi', '2030-05-10', 123456789, '2020-05-10', 'Carta d\'Identità', TRUE, FALSE);

INSERT INTO Prenotazione (IDPrenotazione, DataPrenotazione, DataArrivoCliente, DataPartenzaCliente, NomeTrattamento, NoteAggiuntive, Intestatario, dataScadenza, numeroDocumento, DataRilascio, TipoDocumento, Stato, ChekIn)
VALUES (2, '2026-01-20', '2026-03-01', '2026-03-07', 'Mezza Pensione', 'Anniversario di matrimonio', 'Laura Bianchi', '2029-08-15', 987654321, '2019-08-15', 'Passaporto', TRUE, FALSE);

INSERT INTO Prenotazione (IDPrenotazione, DataPrenotazione, DataArrivoCliente, DataPartenzaCliente, NomeTrattamento, NoteAggiuntive, Intestatario, dataScadenza, numeroDocumento, DataRilascio, TipoDocumento, Stato, ChekIn)
VALUES (3, '2026-01-18', '2026-02-14', '2026-02-16', 'Pensione Completa', 'San Valentino', 'Anna Verdi', '2031-02-20', 456789123, '2021-02-20', 'Carta d\'Identità', TRUE, FALSE);

INSERT INTO Prenotazione (IDPrenotazione, DataPrenotazione, DataArrivoCliente, DataPartenzaCliente, NomeTrattamento, NoteAggiuntive, Intestatario, dataScadenza, numeroDocumento, DataRilascio, TipoDocumento, Stato, ChekIn)
VALUES (4, '2026-01-22', '2026-04-05', '2026-04-12', 'Bed & Breakfast', 'Vacanza famiglia', 'Francesco Neri', '2028-06-10', 741852963, '2018-06-10', 'Patente', TRUE, FALSE);

INSERT INTO Prenotazione (IDPrenotazione, DataPrenotazione, DataArrivoCliente, DataPartenzaCliente, NomeTrattamento, NoteAggiuntive, Intestatario, dataScadenza, numeroDocumento, DataRilascio, TipoDocumento, Stato, ChekIn)
VALUES (5, '2026-01-10', '2026-05-20', '2026-05-27', 'All Inclusive', 'Viaggio d\'affari', 'Roberto Gialli', '2032-03-05', 159753486, '2022-03-05', 'Passaporto', TRUE, FALSE);

INSERT INTO Prenotazione (IDPrenotazione, DataPrenotazione, DataArrivoCliente, DataPartenzaCliente, NomeTrattamento, NoteAggiuntive, Intestatario, dataScadenza, numeroDocumento, DataRilascio, TipoDocumento, Stato, ChekIn)
VALUES (6, '2026-01-25', '2026-03-15', '2026-03-18', 'Solo Pernottamento', 'Weekend relax', 'Valentina Blu', '2033-09-12', 852963741, '2023-09-12', 'Carta d\'Identità', TRUE, FALSE);

INSERT INTO Prenotazione (IDPrenotazione, DataPrenotazione, DataArrivoCliente, DataPartenzaCliente, NomeTrattamento, NoteAggiuntive, Intestatario, dataScadenza, numeroDocumento, DataRilascio, TipoDocumento, Stato, ChekIn)
VALUES (7, '2026-01-12', '2026-06-01', '2026-06-08', 'Mezza Pensione', 'Viaggio di gruppo', 'Marco Viola', '2030-11-22', 369258147, '2020-11-22', 'Passaporto', TRUE, FALSE);

INSERT INTO Prenotazione (IDPrenotazione, DataPrenotazione, DataArrivoCliente, DataPartenzaCliente, NomeTrattamento, NoteAggiuntive, Intestatario, dataScadenza, numeroDocumento, DataRilascio, TipoDocumento, Stato, ChekIn)
VALUES (8, '2026-01-28', '2026-02-20', '2026-02-22', 'Solo Pernottamento', 'Breve sosta', 'Alessio Arancio', '2034-01-08', 258369147, '2024-01-08', 'Carta d\'Identità', TRUE, FALSE);

INSERT INTO Prenotazione (IDPrenotazione, DataPrenotazione, DataArrivoCliente, DataPartenzaCliente, NomeTrattamento, NoteAggiuntive, Intestatario, dataScadenza, numeroDocumento, DataRilascio, TipoDocumento, Stato, ChekIn)
VALUES (9, '2026-01-05', '2026-07-10', '2026-07-20', 'All Inclusive', 'Luna di miele', 'Davide Marrone', '2031-04-15', 147258369, '2021-04-15', 'Passaporto', TRUE, FALSE);

INSERT INTO Prenotazione (IDPrenotazione, DataPrenotazione, DataArrivoCliente, DataPartenzaCliente, NomeTrattamento, NoteAggiuntive, Intestatario, dataScadenza, numeroDocumento, DataRilascio, TipoDocumento, Stato, ChekIn)
VALUES (10, '2026-01-30', '2026-04-25', '2026-04-28', 'Bed & Breakfast', 'Weekend mare', 'Chiara Grigio', '2032-08-30', 963852741, '2022-08-30', 'Patente', TRUE, FALSE);

-- ============================================
-- 5. UPDATE TRATTAMENTI (aggiorna IDPrenotazione)
-- ============================================

UPDATE Trattamento SET IDPrenotazione = 1 WHERE Nome = 'Bed & Breakfast' AND IDPrenotazione IS NULL LIMIT 1;
UPDATE Trattamento SET IDPrenotazione = 2 WHERE Nome = 'Mezza Pensione' AND IDPrenotazione IS NULL LIMIT 1;
UPDATE Trattamento SET IDPrenotazione = 3 WHERE Nome = 'Pensione Completa' AND IDPrenotazione IS NULL LIMIT 1;
UPDATE Trattamento SET IDPrenotazione = 5 WHERE Nome = 'All Inclusive' AND IDPrenotazione IS NULL LIMIT 1;
UPDATE Trattamento SET IDPrenotazione = 6 WHERE Nome = 'Solo Pernottamento' AND IDPrenotazione IS NULL LIMIT 1;

-- ============================================
-- 6. INSERT SERVIZI (referenzia Prenotazione)
-- ============================================

INSERT INTO Servizio (Nome, Prezzo, IDPrenotazione)
VALUES ('Colazione_P1', 15.0, 1);

INSERT INTO Servizio (Nome, Prezzo, IDPrenotazione)
VALUES ('Spa_P2', 50.0, 2);

INSERT INTO Servizio (Nome, Prezzo, IDPrenotazione)
VALUES ('Minibar_P2', 30.0, 2);

INSERT INTO Servizio (Nome, Prezzo, IDPrenotazione)
VALUES ('Cena romantica_P3', 80.0, 3);

INSERT INTO Servizio (Nome, Prezzo, IDPrenotazione)
VALUES ('Parcheggio_P4', 20.0, 4);

INSERT INTO Servizio (Nome, Prezzo, IDPrenotazione)
VALUES ('Lavanderia_P4', 25.0, 4);

INSERT INTO Servizio (Nome, Prezzo, IDPrenotazione)
VALUES ('Room Service_P5', 40.0, 5);

INSERT INTO Servizio (Nome, Prezzo, IDPrenotazione)
VALUES ('Transfer aeroporto_P5', 60.0, 5);

INSERT INTO Servizio (Nome, Prezzo, IDPrenotazione)
VALUES ('Palestra_P6', 15.0, 6);

INSERT INTO Servizio (Nome, Prezzo, IDPrenotazione)
VALUES ('Escursione guidata_P7', 70.0, 7);

INSERT INTO Servizio (Nome, Prezzo, IDPrenotazione)
VALUES ('Butler service_P9', 100.0, 9);

INSERT INTO Servizio (Nome, Prezzo, IDPrenotazione)
VALUES ('Champagne_P9', 120.0, 9);

INSERT INTO Servizio (Nome, Prezzo, IDPrenotazione)
VALUES ('Massaggio_P9', 90.0, 9);

INSERT INTO Servizio (Nome, Prezzo, IDPrenotazione)
VALUES ('Late check-out_P10', 35.0, 10);

INSERT INTO Servizio (Nome, Prezzo, IDPrenotazione)
VALUES ('Noleggio bici_P10', 25.0, 10);

-- ============================================
-- 7. INSERT ASSOCIATO_A (referenzia Cliente, Camera, Prenotazione)
-- ============================================

INSERT INTO Associato_a (CF, NumeroCamera, IDPrenotazione, PrezzoAcquisto)
VALUES ('RSSMRA85C15F839K', 101, 1, 150.0);

INSERT INTO Associato_a (CF, NumeroCamera, IDPrenotazione, PrezzoAcquisto)
VALUES ('BNCLRA90L60H501Z', 205, 2, 220.0);

INSERT INTO Associato_a (CF, NumeroCamera, IDPrenotazione, PrezzoAcquisto)
VALUES ('BNCGPP88S05H501W', 205, 2, 220.0);

INSERT INTO Associato_a (CF, NumeroCamera, IDPrenotazione, PrezzoAcquisto)
VALUES ('VRDNNA92D52F205X', 310, 3, 180.0);

INSERT INTO Associato_a (CF, NumeroCamera, IDPrenotazione, PrezzoAcquisto)
VALUES ('NREFNC78P08L219Y', 102, 4, 190.0);

INSERT INTO Associato_a (CF, NumeroCamera, IDPrenotazione, PrezzoAcquisto)
VALUES ('NREGLI80T43L219K', 102, 4, 190.0);

INSERT INTO Associato_a (CF, NumeroCamera, IDPrenotazione, PrezzoAcquisto)
VALUES ('NRELCU10E15L219M', 102, 4, 190.0);

INSERT INTO Associato_a (CF, NumeroCamera, IDPrenotazione, PrezzoAcquisto)
VALUES ('GLLRRT75A25D612P', 401, 5, 250.0);

INSERT INTO Associato_a (CF, NumeroCamera, IDPrenotazione, PrezzoAcquisto)
VALUES ('BLUVNT95H70A944L', 150, 6, 165.0);

INSERT INTO Associato_a (CF, NumeroCamera, IDPrenotazione, PrezzoAcquisto)
VALUES ('VLAMRC87M18L736N', 201, 7, 200.0);

INSERT INTO Associato_a (CF, NumeroCamera, IDPrenotazione, PrezzoAcquisto)
VALUES ('RSOSFN89B54L736R', 202, 7, 200.0);

INSERT INTO Associato_a (CF, NumeroCamera, IDPrenotazione, PrezzoAcquisto)
VALUES ('RNCLS93R05D969Q', 305, 8, 120.0);

INSERT INTO Associato_a (CF, NumeroCamera, IDPrenotazione, PrezzoAcquisto)
VALUES ('MRRDVD82C28G273S', 450, 9, 280.0);

INSERT INTO Associato_a (CF, NumeroCamera, IDPrenotazione, PrezzoAcquisto)
VALUES ('MRRLS84L51G273V', 450, 9, 280.0);

INSERT INTO Associato_a (CF, NumeroCamera, IDPrenotazione, PrezzoAcquisto)
VALUES ('GRGCHR91S62H703B', 120, 10, 175.0);